Top pages,Clicks,Impressions,CTR,Position
https://casse-vhu.fr/,835,38571,2.16%,4.91
https://www.casse-vhu.fr/zones/vend-e-85-,54,1827,2.96%,19.38
https://www.casse-vhu.fr/zones/la-roche-sur-yon-les-sables-d-olonne-challans-fontenay-le-comte-les-herbiers,27,1373,1.97%,11.53
https://www.casse-vhu.fr/,19,7907,0.24%,60.07
https://www.casse-vhu.fr/zones/nouvelle-aquitaine,11,664,1.66%,29.11
https://www.casse-vhu.fr/zones/gironde-33-,4,166,2.41%,29.57
https://www.casse-vhu.fr/blog/recyclage-automobile-impact-environnemental,2,773,0.26%,37.46
https://www.casse-vhu.fr/recyclage-guide,2,592,0.34%,49.01
https://www.casse-vhu.fr/blog/que-faire-sans-carte-grise-epave,2,200,1%,7.84
https://www.casse-vhu.fr/zones/calais-boulogne-sur-mer-arras-lens-b-thune-saint-omer,1,90,1.11%,7.83
https://www.casse-vhu.fr/zones/bouches-du-rh-ne-13-,1,50,2%,18.86
https://www.casse-vhu.fr/zones/lille-roubaix-tourcoing-dunkerque-valenciennes-maubeuge,1,48,2.08%,10.58
https://www.casse-vhu.fr/blog/comment-bien-preparer-votre-vehicule-avant-enlevement,1,37,2.7%,7.84
https://www.casse-vhu.fr/zones/marseille-aix-en-provence-arles-martigues-istres-salon-de-provence,1,31,3.23%,11.52
https://www.casse-vhu.fr/blog/nouvelles-reglementations-vhu-2024,1,25,4%,5.56
https://www.casse-vhu.fr/zones/is-re-38-,0,106,0%,38.13
https://www.casse-vhu.fr/zones/rennes-saint-malo-foug-res-vitr-cesson-s-vign-,0,70,0%,11.9
https://www.casse-vhu.fr/blog/prime-conversion-2024-conditions-demarches,0,58,0%,10.31
https://www.casse-vhu.fr/zones/nantes-saint-nazaire-rez-saint-herblain-orvault,0,27,0%,12.33
https://www.casse-vhu.fr/zones/le-nord,0,24,0%,12.54
https://www.casse-vhu.fr/blog/que-faire-de-sa-vieille-voiture,0,21,0%,9.14
https://www.casse-vhu.fr/zones/ille-et-vilaine-35-,0,18,0%,7.33
https://www.casse-vhu.fr/zones/grenoble-chirolles-voiron-vienne-bourgoin-jallieu,0,18,0%,9.56
https://www.casse-vhu.fr/zones/nord-59-,0,8,0%,7.62
https://www.casse-vhu.fr/blog?category=Recyclage,0,7,0%,6.29
https://www.casse-vhu.fr/blog?category=Aides financi%C3%A8res,0,5,0%,7.4
https://www.casse-vhu.fr/zones/loire-atlantique,0,4,0%,6.5
https://www.casse-vhu.fr/blog?category=Guide pratique,0,3,0%,8.33
https://www.casse-vhu.fr/blog?category=D%C3%A9marches,0,1,0%,5