Top queries,Clicks,Impressions,CTR,Position
casse auto lille,91,3076,2.96%,2.23
casse auto,80,2858,2.8%,2.67
casse lille,63,2114,2.98%,2.32
casse auto autour de moi,45,1535,2.93%,2.35
casse,40,2093,1.91%,2.7
casse la roche sur yon,35,606,5.78%,1.53
casse automobile,15,861,1.74%,2.46
casse auto la roche sur yon,15,105,14.29%,2.03
casse auto grenoble,13,736,1.77%,2.55
casse automobile lille,11,372,2.96%,2.2
casse vhu,10,539,1.86%,7.95
centre vhu autour de moi,10,486,2.06%,13.6
casse auto vendée,10,283,3.53%,2.09
casse autour de moi,9,352,2.56%,2.05
casse automobile autour de moi,9,282,3.19%,2.14
casse grenoble,8,299,2.68%,2.64
casse auto saint martin d'hères,8,181,4.42%,1.51
casse auto blanquefort,8,166,4.82%,1.81
casse auto vendee,8,71,11.27%,2.15
epaviste,6,331,1.81%,14.75
la casse,6,163,3.68%,2.93
casse voiture lille,5,179,2.79%,2.98
casse auto ouvert actuellement,5,90,5.56%,1.83
casse auto nord,5,76,6.58%,2.29
casse automobile à proximité,4,207,1.93%,2.34
casse de lille,4,93,4.3%,2.78
vhu,3,944,0.32%,5.76
casse voiture,3,230,1.3%,2.88
casse lille auto,3,220,1.36%,2.71
casse auto isere,3,101,2.97%,2.3
casse vendee,3,94,3.19%,2.61
casse la roche-sur-yon,3,63,4.76%,1.62
casse ouverte,3,63,4.76%,2.17
casse isere,3,45,6.67%,2.04
casse auto isere 38,3,31,9.68%,3
casses auto autour de moi,3,29,10.34%,2.48
casse nord pas de calais,3,12,25%,3.5
centre vhu,2,521,0.38%,24.6
casse saint martin d'hères,2,175,1.14%,1.69
casse auto saint-martin d'hères,2,130,1.54%,1.58
casse nord,2,110,1.82%,2.13
casse auto lille ouvert actuellement,2,98,2.04%,2.07
epaviste lille,2,95,2.11%,13.4
casses auto,2,92,2.17%,2.26
centre vhu agréé autour de moi,2,84,2.38%,4.12
cass auto,2,70,2.86%,2.86
casse voiture autour de moi,2,66,3.03%,2.67
casse ouverte le dimanche,2,63,3.17%,2.83
casse vhu autour de moi,2,61,3.28%,3.13
casse ouvert actuellement,2,56,3.57%,1.77
casse auto isère,2,33,6.06%,2.45
casse dans le nord,2,30,6.67%,1.87
casse automobile isere,2,26,7.69%,2.46
casse de voiture autour de moi,2,17,11.76%,2.24
vhu bordeaux,2,14,14.29%,2.29
enlevement caravane gratuit,2,7,28.57%,4
casse auto la roche sur yon horaires,2,6,33.33%,1.67
centre vhu 85,1,151,0.66%,17.92
épaviste challans,1,144,0.69%,7.69
casse auto pont de claix,1,142,0.7%,3.41
épaviste les sables-d'olonne,1,136,0.74%,10.32
casses,1,126,0.79%,3.72
casse auto smh,1,116,0.86%,1.75
casse auto voreppe,1,105,0.95%,2.93
épaviste lille,1,99,1.01%,9.99
épaviste,1,93,1.08%,62.42
epaviste vhu,1,86,1.16%,25.01
centre vhu agréé 38,1,82,1.22%,27.8
casse auto vhu,1,81,1.23%,9.1
epaviste autour de moi,1,78,1.28%,15.55
auto casse,1,76,1.32%,2.22
casse a lille,1,74,1.35%,1.96
casse papin la roche sur yon,1,72,1.39%,1.54
casse lens,1,72,1.39%,2.62
centre agréé vhu,1,64,1.56%,33.53
casse sur lille,1,62,1.61%,2.4
enlevement epave,1,61,1.64%,55.23
casse auto saint martin d hères,1,59,1.69%,1.66
casse en vendée,1,59,1.69%,4.1
casse auto à proximité,1,58,1.72%,2.24
casse auto vizille,1,57,1.75%,2.26
casse auto lens ouvert actuellement,1,57,1.75%,2.56
casse auto autour de moi ouvert actuellement,1,55,1.82%,2
vhu lille,1,50,2%,4.88
la casse autour de moi,1,42,2.38%,2.55
casse de voiture,1,42,2.38%,3.33
casse a proximité,1,40,2.5%,2.15
casse vendée,1,32,3.12%,1.72
centre vhu lille,1,31,3.23%,5.16
casse auto la roche-sur-yon,1,30,3.33%,1.47
cassé auto,1,28,3.57%,2.79
la casse auto,1,27,3.7%,3.04
casse auto agree vhu,1,27,3.7%,9.74
cass auto autour de moi,1,25,4%,1.8
casses automobiles,1,24,4.17%,2.62
casse aux alentours,1,21,4.76%,2.14
casse auto parempuyre,1,19,5.26%,2.84
casse automobile dans le nord,1,17,5.88%,2.53
casse auto ouvert le dimanche,1,16,6.25%,1.31
vhu rouen,1,16,6.25%,2.44
épaviste caravane gratuit,1,16,6.25%,9.56
casse automobile isère,1,14,7.14%,2
casse auto marquette lez lille,1,14,7.14%,4.79
case voiture,1,12,8.33%,3.25
casse v,1,12,8.33%,6.25
casse automobile la roche-sur-yon,1,11,9.09%,1.45
casse camping car autour de moi,1,9,11.11%,1.78
casse wavrin,1,9,11.11%,2.56
centre vhu scooter,1,9,11.11%,3.89
casse haut de france,1,8,12.5%,1.75
casse automobile autour de chez moi,1,7,14.29%,1.43
casse ouvert le samedi,1,6,16.67%,1.17
casse en france,1,6,16.67%,1.33
casse automobile la roche sur yon,1,6,16.67%,3.17
les casses auto,1,6,16.67%,3.33
case autour de moi,1,6,16.67%,3.5
vhu scooter,1,6,16.67%,11.33
casse auto st martin d heres,1,5,20%,1.6
casse automobile a proximité,1,5,20%,1.6
casse auto rhone alpes,1,5,20%,1.8
casse auto a proximité,1,4,25%,3
enlèvement d'épave autour de moi,1,4,25%,6.5
ouverture casse auto,1,3,33.33%,1.33
casse auto piece,1,3,33.33%,2.33
casse pres de moi,1,3,33.33%,3.33
enlèvement caravane gratuit,1,3,33.33%,4.67
enlèvement épave caravane gratuit,1,3,33.33%,6.33
casse-vhu avis,1,3,33.33%,10.33
casse alentour de moi,1,2,50%,1.5
casse automobile les mieux notés,1,2,50%,1.5
enlevement d'epave de voiture gratuite,1,2,50%,3
85,1,1,100%,1
épaviste agréé autour de moi,1,1,100%,1
38680,1,1,100%,2
epaviste pessac,1,1,100%,69
enlevement epave bordeaux,1,1,100%,92
vhu agréé,0,254,0%,37.67
enlevement vhu la trinite,0,217,0%,65.5
enlevement vhu contes,0,215,0%,51.31
centre vhu agréé,0,179,0%,21.66
la casse lille,0,155,0%,3.72
destruction véhicule vendée,0,153,0%,19.95
vhu casse,0,146,0%,8.14
enlevement vhu nice,0,130,0%,50.43
epaviste gratuit,0,123,0%,11.32
recyclage vhu véhicules hors d'usage,0,108,0%,74.28
recyclage des déchets automobile,0,104,0%,32.82
recyclage de voitures,0,103,0%,31.26
lille casse auto,0,98,0%,3.45
épaviste autour de moi,0,97,0%,46.32
casse automobile grenoble,0,95,0%,3.75
assurance vhu,0,93,0%,32.1
épaviste la roche-sur-yon,0,92,0%,4.84
casse agréé vhu,0,87,0%,16.7
destruction véhicule fontenay le comte,0,79,0%,31.92
recyclage vhu,0,74,0%,23.22
enlèvement épaves à la réole,0,74,0%,39.34
recyclage voitures,0,73,0%,28.33
opérations de dépollution nouvelle aquitaine,0,71,0%,17.35
centre vhu saint-georges-des-gardes,0,71,0%,63.07
destruction voiture trinite,0,71,0%,75.17
voiture à la casse,0,71,0%,82
casse smh,0,69,0%,2.01
épaviste les herbiers,0,69,0%,11.59
vhu voiture,0,69,0%,37.77
destruction vehicule trinite,0,69,0%,76.01
cassé,0,68,0%,4.32
épaviste vendée,0,67,0%,6.87
enlevement epave gratuit les essarts-le-roi,0,67,0%,30.79
usines recyclage de vhu,0,66,0%,69.36
casse à proximité,0,65,0%,1.74
casse agree vhu,0,65,0%,20.12
broyage de véhicules hors d'usage,0,64,0%,89.88
enlèvement vhu,0,62,0%,27.68
centre vhu 38,0,62,0%,39.31
épaviste montaigu,0,60,0%,56.77
centre vhu 75,0,60,0%,69.97
casse france,0,59,0%,3.56
véhicules hors d'usage,0,59,0%,86.8
recyclage voiture,0,55,0%,59.04
destruction véhicule hors d'usage lyon,0,55,0%,73.2
epaviste agree vhu,0,54,0%,22.04
reprise casse auto,0,53,0%,17.75
reprise auto casse,0,52,0%,9.52
casse auto agréé,0,52,0%,26.88
assurance centre vhu,0,52,0%,27.98
epave auto,0,52,0%,81.9
casse auto grenoble ouvert actuellement,0,51,0%,1.9
recyclage véhicule,0,51,0%,29.31
recyclage véhicules,0,49,0%,23.02
casse auto pièces détachées,0,48,0%,1.73
recyclage automobile,0,47,0%,59.19
casse ouvert le dimanche,0,46,0%,2.11
casse loos en gohelle,0,46,0%,3.67
casse utilitaire,0,45,0%,4.8
centre vhu 53,0,45,0%,56.18
casse poids lourds centre val de loire,0,43,0%,12.86
épaviste agréé vhu,0,43,0%,28.09
la casse la roche sur yon,0,42,0%,1.43
centre agree destruction vehicule,0,42,0%,35.24
centre vhu lyon,0,42,0%,57.31
épaviste gratuit,0,42,0%,58.74
reprise de vehicule casse,0,41,0%,80.66
casses auto lille,0,40,0%,3.08
épaviste gratuit autour de moi,0,40,0%,39.2
centre vhu vehicule hors d'usage a montauban,0,40,0%,58.02
recyclage véhicule hors d'usage ussel,0,40,0%,71.7
vhu autour de moi,0,39,0%,3.82
centre vhu 976,0,39,0%,65.51
centre vhu agréé 95,0,39,0%,66.05
reprise voiture casse,0,39,0%,81.38
recyclage des voitures,0,38,0%,44.29
casse poids lourds nouvelle aquitaine,0,37,0%,42.19
casse agréé,0,36,0%,30.89
destruction véhicules quincieux,0,36,0%,51.56
destruction véhicules accidentés rhone,0,36,0%,68.36
fabricants systèmes de recyclage vhu,0,36,0%,85.72
centre vhu 23,0,35,0%,37.74
débarrasser voiture gratuitement,0,35,0%,74.86
broyeur vhu,0,35,0%,81.91
casse auto lens,0,34,0%,1.97
enlevement epave caravane gratuit,0,34,0%,18.21
recyclage vehicule,0,34,0%,41
rachat véhicule casse,0,34,0%,85.68
casse utilitaire autour de moi,0,33,0%,2.67
casse de france,0,32,0%,5.06
epaviste beauvais,0,32,0%,36.56
centre vhu 90,0,32,0%,58.53
centre vhu 95,0,32,0%,69.75
cassé autos,0,31,0%,1.81
reprise epave voiture,0,31,0%,73.26
casse ouvert,0,30,0%,1.7
enlèvement épaves à virazeil,0,30,0%,13.07
casse auto libre service,0,30,0%,18.1
casse rachete voiture,0,30,0%,20.67
récupération épave caravane,0,29,0%,33.86
enlevement epave gratuit 13,0,29,0%,50.38
casse pour voitures,0,28,0%,2.75
épaviste saint-médard-en-jalles,0,28,0%,22
épaviste agréé,0,28,0%,38.82
une casse,0,27,0%,3.74
vau,0,27,0%,4.41
épaviste rachat voiture,0,27,0%,71.93
centre vhu 33,0,26,0%,47.73
casse automobile ouvert actuellement,0,25,0%,1.52
casse automobile nord,0,25,0%,4.08
centre de destruction vhu,0,25,0%,27.48
épaviste saint-pierre-lès-nemours,0,25,0%,29.8
epaviste agree,0,25,0%,45.72
remorquage vl- utilitaires- camping-car- poids lourds à vendée,0,25,0%,56.56
enlevement epave gratuit,0,25,0%,57.2
casse auto voreppe ouvert actuellement,0,24,0%,2.12
centre vhu grenoble,0,24,0%,2.71
récupération épave mobil home,0,24,0%,34.25
enlevement voiture casse,0,24,0%,40.5
centre vhu 58,0,24,0%,52.92
recuperateur de voiture,0,24,0%,59.29
centre vhu 10,0,24,0%,73.96
auto casse lille,0,23,0%,2.04
case auto,0,23,0%,5.43
épaviste bordeaux,0,23,0%,12.48
centre vhu 21,0,23,0%,40.17
epaviste agree prefecture,0,23,0%,51.48
destruction automobile,0,23,0%,51.78
démolition auto,0,23,0%,58.3
casse caravane autour de moi,0,22,0%,10.55
epaviste pas de calais,0,22,0%,11.18
voiture casse,0,22,0%,63.32
enlevement epave grenoble,0,22,0%,69.5
centre vhu 30,0,22,0%,73.91
france casse,0,21,0%,4.29
centre vhu 986,0,21,0%,47
demolition auto,0,21,0%,47.24
centre vhu 972,0,21,0%,67.62
epaviste menton,0,21,0%,72.38
casse montville,0,20,0%,3.2
usines recyclage de l'vhu,0,20,0%,58.1
centre vhu 66,0,20,0%,60.95
centre vhu 63,0,20,0%,61.5
centre vhu 975,0,20,0%,65.65
casse vehicule,0,20,0%,68.1
débarrasser voiture,0,20,0%,69.3
enlevement epave gratuit grenoble,0,20,0%,69.3
centre vhu 70,0,20,0%,70.2
enlevement epave contes,0,20,0%,89.65
epaviste isere,0,19,0%,22.68
centre agréé destruction véhicule,0,19,0%,30.53
enlèvement épaves à marmande,0,19,0%,48.58
enlèvement voiture épave à domicile,0,19,0%,85.42
car casse,0,18,0%,3.72
salvage,0,18,0%,7.94
epaviste agrée vhu,0,18,0%,32
casse auto enlevement gratuit,0,18,0%,33.22
centre vhu 24,0,18,0%,63.11
centre vhu agréé 92,0,18,0%,64.78
casse épave,0,18,0%,66.22
voiture a la casse,0,18,0%,74.89
destruction de véhicule,0,18,0%,86.22
epaviste lens,0,17,0%,1.59
casse auto lille et environs,0,17,0%,2.24
casse proche de moi,0,17,0%,2.65
auto casse france,0,17,0%,3.76
telephone casse,0,17,0%,5.65
épaviste liévin,0,17,0%,19.47
enlevement epave carte grise,0,17,0%,20.71
recyclage des déchets automobiles,0,17,0%,26.71
casse automobiles près des sables-d'olonne,0,17,0%,36
casse rachat de voiture,0,17,0%,47.06
epaviste agréé,0,17,0%,56.24
enlèvement épave,0,17,0%,58.88
destruction voiture contes,0,17,0%,62.94
centre vhu 51,0,17,0%,63.35
enlèvement voiture casse,0,17,0%,63.76
recuperation de voiture,0,17,0%,64.88
centre vhu 07,0,17,0%,69.06
carcasse voiture,0,17,0%,71.41
centre vhu 01,0,17,0%,75.41
la casse auto grenoble,0,16,0%,1.25
casse ouvert aujourd'hui,0,16,0%,1.69
casse de voiture lille,0,16,0%,2.25
casse lille sud,0,16,0%,2.38
casse au alentour,0,16,0%,2.56
casse ouverte le samedi,0,16,0%,2.56
casse grenoble ouvert actuellement,0,16,0%,2.81
casse auto proche de moi,0,16,0%,2.88
la casse voiture,0,16,0%,22.19
centre véhicule hors d'usage,0,16,0%,54.38
démolition automobile,0,16,0%,58.88
centre vhu 69,0,16,0%,64.69
envoyer sa voiture à la casse,0,16,0%,91.06
casse a proximite,0,15,0%,1.87
casses automobiles lille,0,15,0%,4.47
téléphone cassé,0,15,0%,10.6
récupération de voiture,0,15,0%,57.2
centre vhu 977,0,15,0%,57.93
démolition voiture,0,15,0%,62.87
voitures à la casse quincieux,0,15,0%,70.2
enlevement auto,0,15,0%,71.87
centre vhu 15,0,15,0%,72.93
centre vhu 91,0,15,0%,74.07
centre vhu agréé 91,0,15,0%,75
débarras voiture,0,15,0%,75.2
casse reprise voiture,0,15,0%,78.67
auto recyclage,0,15,0%,82.33
casse auto reprise,0,15,0%,82.87
se débarrasser d une voiture,0,15,0%,88.4
casse auto en vendée,0,14,0%,2.71
casse auto grenoble et environs,0,14,0%,6.29
gratuit,0,14,0%,7.07
épaviste le bouscat,0,14,0%,9.14
enlèvement épave autour de moi,0,14,0%,33.93
centre vhu 80,0,14,0%,52.57
centre vhu 88,0,14,0%,57.71
centre vhu 36,0,14,0%,63.21
recuperation voiture casse,0,14,0%,66.43
centre vhu 62,0,14,0%,66.86
destruction vehicule,0,14,0%,90.43
casse a proximité ouvert actuellement,0,13,0%,1.54
casse en belgique,0,13,0%,2.08
casse de grenoble,0,13,0%,2.15
casse medoc,0,13,0%,3
casse près de moi,0,13,0%,3
casse auto voreppe horaire,0,13,0%,3.46
la casse grenoble,0,13,0%,5.46
valorisation des composants auto,0,13,0%,46.38
destruction auto,0,13,0%,52.85
entreprise recyclage automobile,0,13,0%,53.38
épaviste clichy,0,13,0%,70.62
débarrasser vehicule,0,13,0%,70.77
épaviste rachat,0,13,0%,72.85
centre vhu 02,0,13,0%,81.23
centre vhu 37,0,13,0%,83.38
destruction de vehicule,0,13,0%,84.46
reprise de voiture a la casse,0,13,0%,89.46
casse automobile autour de moi ouvert actuellement,0,12,0%,2.08
casse la plus proche,0,12,0%,2.08
casse la roche,0,12,0%,2.17
casse auto lille sud,0,12,0%,3.58
breaker,0,12,0%,6
un casse,0,12,0%,9.33
une casse automobile,0,12,0%,10.5
casse agree,0,12,0%,17.33
casse automobiles à les sables-d'olonne,0,12,0%,17.33
épaviste fougères,0,12,0%,17.33
centre vhu 41,0,12,0%,49.33
déchets automobile,0,12,0%,59.33
centre vhu 984,0,12,0%,61.83
centre vhu 79,0,12,0%,63.83
centre vhu agréé 77,0,12,0%,64.75
centre vhu 42,0,12,0%,67.25
destruction vhu,0,12,0%,67.67
centre vhu 50,0,12,0%,71.83
véhicule hors d'usage,0,12,0%,76.42
agrément vhu,0,12,0%,87.58
casse auto ouverte,0,11,0%,2.09
casse du nord,0,11,0%,2.45
casse auro,0,11,0%,2.91
casse cou,0,11,0%,3.45
centres vhu,0,11,0%,11.91
centres vhu agréés,0,11,0%,36.18
epaviste gironde,0,11,0%,42.73
epaviste voiture,0,11,0%,51.18
centre vhu 68,0,11,0%,58.36
démolition de voiture,0,11,0%,59.36
vendre voiture hs rapidement avec enlèvement gratuit,0,11,0%,61.09
centre vhu sans carte grise,0,11,0%,64.64
vehicule casse,0,11,0%,67.18
centre vhu 08,0,11,0%,68.36
centre vhu 14,0,11,0%,79.36
véhicules hors d usage,0,11,0%,83.27
centre vhu 17,0,11,0%,87.18
envoyer voiture casse,0,11,0%,88.36
casse papin la roche-sur-yon,0,10,0%,1.9
casse ouverte aujourd'hui,0,10,0%,2.1
vhu voiture autour de moi,0,10,0%,2.3
casse pièces détachées,0,10,0%,2.8
casse echirolles frange verte,0,10,0%,3.1
cassé automobile,0,10,0%,4.2
france casse auto,0,10,0%,5.6
centre vhu 48,0,10,0%,35.9
centre destruction voiture,0,10,0%,36.2
voiture casse gratuit,0,10,0%,38.9
récupération épaves royan,0,10,0%,45.3
epaviste nord,0,10,0%,46.1
destruction vehicule 06,0,10,0%,53.3
enlevement d'épave,0,10,0%,63.5
recup epave automobile,0,10,0%,66.8
centre vhu 71,0,10,0%,68.5
véhicule vhu,0,10,0%,69.8
centre vhu 978,0,10,0%,70.7
destruction de voiture a la casse,0,10,0%,72.2
véhicule casse,0,10,0%,73.4
epaviste enlèvement d'épave dépannage vhu,0,10,0%,73.9
enlèvement auto,0,10,0%,74.5
destruction voiture casse,0,10,0%,74.7
centre vhu 93,0,10,0%,81.9
se débarrasser voiture,0,10,0%,83
destruction de voiture,0,10,0%,86.7
épave auto,0,10,0%,87.2
vehicule pour destruction,0,10,0%,89.4
casse auto ouvert,0,9,0%,1.22
casse auto dans le nord,0,9,0%,1.44
casse automobile près de moi,0,9,0%,1.89
casses auto grenoble,0,9,0%,1.89
epaviste vhu agréés,0,9,0%,2.11
casse 33,0,9,0%,2.22
casse auto lens 2,0,9,0%,2.33
casse alentour,0,9,0%,2.89
cass plus,0,9,0%,6
casse automobile vendée,0,9,0%,8
casse en vendee,0,9,0%,8.89
enlèvement epave gratuit agréé vhu,0,9,0%,12.22
recyclage huile la roche sur yon,0,9,0%,22.33
épaviste agréé préfecture,0,9,0%,30.78
sdp auto - casse centre vhu,0,9,0%,47
casse auto en aquitaine,0,9,0%,52.22
recuperation de vehicule,0,9,0%,53.67
épaviste issy-les-moulineaux,0,9,0%,55.78
centre vhu 89,0,9,0%,56.78
enlèvement d'épave,0,9,0%,61.22
epaviste grenoble,0,9,0%,62.22
destruction voiture,0,9,0%,74.44
rachat epave,0,9,0%,75
epaviste auto,0,9,0%,79.33
ramassage epave voiture,0,9,0%,79.56
liste centres vhu,0,9,0%,86.33
epaves automobiles,0,9,0%,91.78
recyclage auto,0,9,0%,96.22
casse libre service,0,8,0%,1.25
casse auto aux alentours,0,8,0%,1.38
casse ouverte dimanche,0,8,0%,1.5
casse autour de moi ouvert actuellement,0,8,0%,2.12
la casse la plus proche,0,8,0%,2.25
casse auto france,0,8,0%,2.62
cassé voiture,0,8,0%,2.75
casseauto,0,8,0%,2.88
casse auto echirolles,0,8,0%,3.38
casse deville les rouen,0,8,0%,4.12
centre vhu agréé liste,0,8,0%,4.62
cass voiture,0,8,0%,5.5
épaviste cesson-sévigné,0,8,0%,5.88
casse auto sur lille,0,8,0%,10.12
casse auto - centre vhu - laurent services photos,0,8,0%,10.75
enlevement epave 13,0,8,0%,11.88
débarrassage voiture,0,8,0%,12.12
casse auto agree,0,8,0%,18
destructeur automobile,0,8,0%,36.88
casse enlevement gratuit,0,8,0%,38.12
épaviste cestas,0,8,0%,40.38
casse vehicule utilitaire,0,8,0%,41.12
épaviste gironde agréé vhu,0,8,0%,42
enlevement epave voiture,0,8,0%,46.88
destruction de voitures,0,8,0%,47.75
ramassage de voiture pour la casse,0,8,0%,59.75
comment se débarrasser d une caravane,0,8,0%,60.62
recyclage camion hors usage,0,8,0%,61.38
épaviste montreuil,0,8,0%,63.5
centre vhu 25,0,8,0%,71
épaviste pessac,0,8,0%,77.75
recuperation epave voiture,0,8,0%,78.62
centre vhu 03,0,8,0%,79.62
enlèvement d épaves gratuit,0,8,0%,82.75
épaves automobiles,0,8,0%,86.12
epave voiture ancienne,0,8,0%,86.62
rachat vehicule casse,0,8,0%,86.88
recuperation voiture,0,8,0%,88.38
déchiquetage de véhicules,0,8,0%,93.12
épaviste sainte-suzanne,0,8,0%,94
épave voiture,0,8,0%,97.12
comment se débarrasser d une voiture,0,8,0%,97.25
casse auto autour de moi les mieux notés,0,7,0%,1.57
casse spécialiste renault,0,7,0%,1.57
case automobile,0,7,0%,2
cass lille,0,7,0%,2.29
casse auto la plus proche,0,7,0%,2.57
casse auto normandie,0,7,0%,2.57
casse autos autour de moi,0,7,0%,2.57
garage vhu,0,7,0%,2.71
casse pas de calais,0,7,0%,3.86
centre vhu agree,0,7,0%,4.29
casse piece auto,0,7,0%,4.57
casse à bordeaux,0,7,0%,5.86
casse auto utilitaire,0,7,0%,8.14
dechet la roche sur yon,0,7,0%,8.43
casse auto nord pas de calais,0,7,0%,10
google maps localisation gratuit,0,7,0%,10.14
recup voiture,0,7,0%,11.57
ferrailleur épaviste vendée,0,7,0%,21.14
centre vhu agrée,0,7,0%,23
dépollution de véhicule beauvais,0,7,0%,25.43
centre vhu beauvais,0,7,0%,26.43
recyclage de véhicules,0,7,0%,28.43
depot voiture casse,0,7,0%,35.86
enlèvement de vhu castelnaudary,0,7,0%,37.57
dépollution de vhu balan,0,7,0%,49.43
demolition vehicule,0,7,0%,52.43
centre vhu prime à la conversion,0,7,0%,57.43
recupération vhu ajaccio,0,7,0%,58.86
enlevement epave gratuit tours,0,7,0%,61.86
liste des centres vhu agréés,0,7,0%,63.57
enlèvement voiture pour casse,0,7,0%,65.14
débarrasser une voiture,0,7,0%,70.43
reprise epave,0,7,0%,71.29
epaviste gratuit marseille,0,7,0%,72.43
centre vhu agréé 94,0,7,0%,72.71
centre véhicule hors d usage,0,7,0%,76.14
enlevement vehicule gratuit,0,7,0%,78.14
epaviste gratuit montpellier,0,7,0%,79
épaviste gratuit sans carte grise,0,7,0%,79.14
enlèvement d épaves,0,7,0%,80
recycler ma voiture,0,7,0%,80
centre vhu 94,0,7,0%,81.29
épaviste bondy,0,7,0%,83
centre vhu 13,0,7,0%,83.43
enlèvement voiture,0,7,0%,85.14
rachat auto casse,0,7,0%,87
destruction voiture sans carte grise,0,7,0%,87.14
envoyer sa voiture a la casse,0,7,0%,89
épaviste saint-denis,0,7,0%,89.71
faire enlever une voiture pour la casse,0,7,0%,90.14
enlèvement d épave,0,7,0%,90.71
epave de voiture,0,7,0%,97.86
casse pres de chez moi,0,6,0%,1.67
epaviste agréé vhu,0,6,0%,1.67
casse auto autour de moi ouvert actuellement les mieux notés,0,6,0%,1.83
casse automobiles autour de moi,0,6,0%,1.83
casse pieces auto,0,6,0%,1.83
casse auto près de chez moi,0,6,0%,2
casse pièce auto lille,0,6,0%,2
autocasse,0,6,0%,2.17
casse a bordeaux,0,6,0%,2.33
casse alentours,0,6,0%,2.33
casse auto a proximite,0,6,0%,2.33
car casse auto,0,6,0%,2.5
casse malaunay,0,6,0%,2.5
casse villenave d'ornon,0,6,0%,2.5
casse automobile ouverte,0,6,0%,2.67
casse pour voiture,0,6,0%,2.67
casse automatique,0,6,0%,2.83
free,0,6,0%,2.83
breaker review,0,6,0%,3
téléphone casse,0,6,0%,3
ferrailleur voiture autour de moi,0,6,0%,4
la casse automobile,0,6,0%,4
tel casse,0,6,0%,4.17
casse sallaumines,0,6,0%,5.17
epaviste merignac,0,6,0%,5.5
épaviste saint-omer,0,6,0%,6
cassée,0,6,0%,6.83
dépollution vhu tours,0,6,0%,12.17
dechets lille,0,6,0%,12.67
vhu destruction,0,6,0%,13
vhu nice,0,6,0%,13.83
valorisation huile la roche sur yon,0,6,0%,23.5
centre v.h.u. agréé beauvais,0,6,0%,27.83
épaviste voiture,0,6,0%,30.67
centre demolition auto,0,6,0%,38
centre vhu 06,0,6,0%,38.17
épaviste gironde,0,6,0%,39
véhicules hors d'usage montluel,0,6,0%,42.67
épaviste voiture gratuit,0,6,0%,44.17
récupération automobile,0,6,0%,48.5
enlèvement voiture pour casse gratuit,0,6,0%,49.17
centre vhu 987,0,6,0%,50.17
enlèvement auto pour la casse,0,6,0%,51.33
station dépollution vhu bourg-en-bresse,0,6,0%,51.83
enlevement auto casse,0,6,0%,52.5
centre vhu 59,0,6,0%,53.33
liste centre vhu agréé,0,6,0%,53.5
demolition automobile,0,6,0%,54.83
vhu bourg-en-bresse,0,6,0%,54.83
epaviste montereau fault yonne,0,6,0%,61.5
enlevement epave gratuit orleans,0,6,0%,62.5
enlèvement epave,0,6,0%,63.17
destrcution automobile,0,6,0%,63.67
casse auto yutz,0,6,0%,64.67
véhicule hors d usage,0,6,0%,65.5
épaviste agrée,0,6,0%,66.67
centre vhu nantes,0,6,0%,68
centre vhu saint-junien,0,6,0%,68.33
centre vhu 57,0,6,0%,71.33
recuperation epave voiture gratuit,0,6,0%,72.67
debarras voiture,0,6,0%,73.17
reprise epave casse,0,6,0%,73.33
récupération épave voiture,0,6,0%,73.67
enlevement de voiture pour la casse,0,6,0%,75.83
centre vhu 26,0,6,0%,76.83
debarrasse voiture,0,6,0%,81
centre v.h.u. agréé compiègne,0,6,0%,81.33
epaviste rachat voiture,0,6,0%,83.33
destruction vehicule prix,0,6,0%,84
vehicule a la casse,0,6,0%,86.5
démolisseur automobile agréé breteuil,0,6,0%,87.83
recycler voiture,0,6,0%,88.83
enlever une voiture pour la casse,0,6,0%,90.83
destruction véhicule,0,6,0%,91.5
enlèvement épaves,0,6,0%,92.33
mise en casse voiture,0,6,0%,93.5
enlevement epave trinite,0,6,0%,96.5
epaviste rachat,0,5,0%,1
casse auto les mieux notés,0,5,0%,1.2
casse auto proximité,0,5,0%,1.6
centre vhu moto,0,5,0%,1.6
démolition auto autour de moi,0,5,0%,1.6
casse au alentour de moi,0,5,0%,1.8
casse auto grenoble echirolles,0,5,0%,1.8
casse auto pièce détachée autour de moi,0,5,0%,2
casse automobile a proximite,0,5,0%,2.2
casse automobile en vendée,0,5,0%,2.4
casse auto au alentour,0,5,0%,2.6
casse a,0,5,0%,2.8
casse automobile près de chez moi,0,5,0%,2.8
casse auto pas de calais,0,5,0%,3
centre agree vhu,0,5,0%,3
grande casse auto france,0,5,0%,3
casse automobille,0,5,0%,3.6
casse auto pièce détachée,0,5,0%,3.8
epaviste caravane gratuit,0,5,0%,3.8
casse automobiles,0,5,0%,4.4
cassd,0,5,0%,4.6
car-casse,0,5,0%,4.8
casse automobile rhone alpes,0,5,0%,6
casse en gironde,0,5,0%,6
epaviste caravane,0,5,0%,8
wrecker,0,5,0%,8.8
casse auto pieces detachees,0,5,0%,10.8
enlèvement d'épave lille,0,5,0%,14.8
enlevement epave saint nazaire,0,5,0%,16.4
enlevement d epave,0,5,0%,24.4
recuperation de voiture pour la casse,0,5,0%,33.8
epaviste 33,0,5,0%,36.2
impact environnemental recyclage automobile,0,5,0%,37.8
enlever epave voiture,0,5,0%,39.4
casse utilitaires,0,5,0%,46.6
épaviste la rochette,0,5,0%,47
centre vhu 61,0,5,0%,48.6
débarrasse caravane gratuitement,0,5,0%,50.4
enlèvement épave casse,0,5,0%,53.4
epaviste tourcoing,0,5,0%,53.8
epaviste arras,0,5,0%,55.4
débarrasser voiture casse,0,5,0%,55.6
centre vhu nice,0,5,0%,56.4
centre vhu surgeres,0,5,0%,56.8
centre vhu 73,0,5,0%,57
démolisseur agréé,0,5,0%,58.2
epaviste automobile,0,5,0%,60
destruction auto casse,0,5,0%,61.8
recuperation epave,0,5,0%,62.4
epaviste décines-charpieu,0,5,0%,64.8
debarrasse epave voiture,0,5,0%,65.4
rachat epave voiture,0,5,0%,65.4
centre vhu agréé bourg-en-bresse,0,5,0%,68.6
vhu montpellier,0,5,0%,68.8
destruction véhicule hors d'usage portet sur garonne,0,5,0%,70
centre vhu saint etienne,0,5,0%,70.2
enleve epave,0,5,0%,73.6
casse automobiles à france,0,5,0%,76.6
enlevement voiture pour destruction,0,5,0%,77.2
enlèvement épaves à aiguillon,0,5,0%,78.2
dépollueur automobile,0,5,0%,80
récupération d’épaves périgueux,0,5,0%,82
donner voiture casse montpellier,0,5,0%,84.6
destruction voiture prix,0,5,0%,86.2
recycle auto,0,5,0%,88.4
voiture a mettre a la casse,0,5,0%,92.4
emmener sa voiture a la casse,0,5,0%,92.8
envoyer son véhicule à la casse,0,5,0%,92.8
envoyer voiture a la casse,0,5,0%,92.8
vente voiture à la casse,0,5,0%,94
voitures casse,0,5,0%,94.2
recycler une voiture,0,5,0%,94.6
remise en état véhicule,0,5,0%,95
envoyer une voiture a la casse,0,5,0%,96.4
epave vehicule,0,5,0%,97.2
donner sa voiture à la casse,0,5,0%,97.8
comment se débarrasser de sa voiture,0,5,0%,98
se débarrasser de sa voiture,0,5,0%,98.6
casse auto ouverte aujourd'hui,0,4,0%,1
casse ouvert dimanche,0,4,0%,1
casse utilitaire normandie,0,4,0%,1
casse voiture ouvert actuellement,0,4,0%,1
auto casse autour de moi,0,4,0%,1.25
casse automobile pièces détachées,0,4,0%,1.25
casse de france automobile,0,4,0%,1.25
casse telephone,0,4,0%,1.25
casse automobile à proximité ouvert actuellement,0,4,0%,1.5
déchets la roche sur yon,0,4,0%,1.5
casse aut,0,4,0%,1.75
casse auto dans le 38,0,4,0%,1.75
casse renault,0,4,0%,1.75
la casse auto lille,0,4,0%,1.75
casse auto le plus proche,0,4,0%,2
casse voiture a proximité,0,4,0%,2
les casse,0,4,0%,2
casse automobile nord pas de calais,0,4,0%,2.25
casse.,0,4,0%,2.25
casses voiture,0,4,0%,2.25
cassé auto autour de moi,0,4,0%,2.25
casse auto utilitaire autour de moi,0,4,0%,2.5
casse dans le 62,0,4,0%,2.5
la casse de voiture,0,4,0%,2.5
cass auto grenoble,0,4,0%,2.75
casse auto occasion,0,4,0%,2.75
vhu.,0,4,0%,2.75
vente casse auto,0,4,0%,3
casse auto pres de chez moi,0,4,0%,3.25
casse pieces auto occasion,0,4,0%,3.25
casse voitures autour de moi,0,4,0%,3.25
casse véhicule,0,4,0%,3.25
cases auto,0,4,0%,3.75
les casses auto autour de moi,0,4,0%,3.75
casse piece detachee auto,0,4,0%,4
la casse le plus proche,0,4,0%,4
casse auto en ligne,0,4,0%,4.5
du casse,0,4,0%,4.5
casse agree destruction,0,4,0%,4.75
horaire casse auto,0,4,0%,5.75
vhu manager,0,4,0%,5.75
casse bouteille autour de moi,0,4,0%,6.75
de gratuit,0,4,0%,7
auto destruction,0,4,0%,7.25
casse qui rachete voiture,0,4,0%,7.75
casse pour caravane autour de moi,0,4,0%,8.75
enlèvement épave saint-malo,0,4,0%,10.5
assurance casse,0,4,0%,12.5
casse auto - centre vhu - laurent services,0,4,0%,13
recyclage automobile voiron,0,4,0%,14.75
vhu france,0,4,0%,16.75
casse poids lourds hauts de france,0,4,0%,18.75
recuperation vehicule casse,0,4,0%,27.25
centre pour traitement des véhicules hors d'usage beauvais,0,4,0%,30.75
dépollution de véhicule tours,0,4,0%,31
enlèvement véhicules hors d’usage lachapelle-sous-aubenas,0,4,0%,33
recuperateur epave voiture,0,4,0%,37.75
dépollution de vhu dagneux,0,4,0%,40
ou se debarrasser de sa voiture,0,4,0%,40.25
destruction vhu loos,0,4,0%,44.25
enlever epave,0,4,0%,46
casse auto brignoud,0,4,0%,46.25
destruction voiture 06,0,4,0%,47.5
casse benni,0,4,0%,47.75
voiture casse auto,0,4,0%,49
enlevement epave autour de moi,0,4,0%,50
rachat epave auto,0,4,0%,53
enlevement vehicule casse,0,4,0%,55.5
récupération de voiture gratuit,0,4,0%,56.25
récupération de véhicule,0,4,0%,58.5
vhu montauban,0,4,0%,59
recycler mon épave,0,4,0%,59.5
epaviste ile de france,0,4,0%,60.25
enlèvement de voiture pour la casse,0,4,0%,60.5
épaviste vitry-sur-seine,0,4,0%,61.75
casse auto vertou,0,4,0%,63
casse de don,0,4,0%,63.5
se debarrasser voiture casse,0,4,0%,65.25
epaviste clermont ferrand,0,4,0%,65.5
enlevement vhu six-fours-les-plages,0,4,0%,65.75
epaviste albertville,0,4,0%,66.25
casses voitures,0,4,0%,66.5
réglementation recyclage véhicules en france,0,4,0%,67
enlevement automobile,0,4,0%,68.5
epav auto,0,4,0%,68.75
que devient une voiture recyclée,0,4,0%,68.75
épaviste arcachon,0,4,0%,68.75
carcasse auto,0,4,0%,70.25
debarras voiture gratuit,0,4,0%,70.75
débarras de voiture,0,4,0%,71.75
enlevement gratuit voiture,0,4,0%,71.75
depot de voiture a la casse,0,4,0%,72
enlevement voiture pour la casse,0,4,0%,72
epaviste gratuit romans sur isère,0,4,0%,72.75
débarrasse voiture gratuit,0,4,0%,76
enlevement epave sans carte grise,0,4,0%,78
recyclage voiture fin de vie démarches,0,4,0%,78.75
salvage voiture,0,4,0%,79.5
enlevement epave angers,0,4,0%,79.75
prix d une voiture à la casse,0,4,0%,80
reprise voiture a la casse,0,4,0%,82.5
se debarrasser d une voiture,0,4,0%,84.75
voiture à la casse sans contrôle technique,0,4,0%,84.75
debarrasser epave voiture,0,4,0%,85
enlevement depave gratuit,0,4,0%,85
emmener vehicule casse,0,4,0%,85.25
prix destruction voiture casse,0,4,0%,85.75
destruction vehicule nice,0,4,0%,86.5
enlevement voiture epave,0,4,0%,86.5
destruction voiture nice,0,4,0%,87.5
prix pour mettre une voiture à la casse,0,4,0%,87.75
gestion déchets automobile,0,4,0%,88.25
epave automobile,0,4,0%,88.75
enlèvement d'epaves,0,4,0%,89.5
enlever voiture epave,0,4,0%,90.75
se debarrasser d'une voiture,0,4,0%,91
amener voiture casse,0,4,0%,91.5
je veux me débarrasser de ma voiture,0,4,0%,92
enlevement epaves,0,4,0%,92.25
enlèvement épave voiture,0,4,0%,92.25
destruction d un véhicule,0,4,0%,93.5
amener une voiture à la casse,0,4,0%,93.75
donner voiture a la casse,0,4,0%,94.75
voiture pour destruction,0,4,0%,95.25
donner sa voiture a la casse,0,4,0%,96.25
enlèvement véhicule,0,4,0%,97.25
epaves auto,0,4,0%,98
casse auto medoc,0,3,0%,1
casse automobile mérignac,0,3,0%,1
case de voiture,0,3,0%,1.33
casse auto ronchin,0,3,0%,1.33
casse automobile pas de calais,0,3,0%,1.33
cassr,0,3,0%,1.33
la casse à proximité,0,3,0%,1.33
recherche casse auto,0,3,0%,1.33
vhû,0,3,0%,1.33
auto cass,0,3,0%,1.67
casse co,0,3,0%,1.67
casse piece auto autour de moi,0,3,0%,2
casse route de grenoble,0,3,0%,2
dr cass,0,3,0%,2
casse de voiture à proximité,0,3,0%,2.33
une casse voiture,0,3,0%,2.33
casse auti,0,3,0%,2.67
cassauto,0,3,0%,3
casse auto la roche sur yon papin,0,3,0%,3
casse auto pres de moi,0,3,0%,3
casse ferraille,0,3,0%,3
rachat vhu,0,3,0%,3
récupérateur de voiture,0,3,0%,3
casse auto plus proche,0,3,0%,3.33
casse calais ouvert actuellement,0,3,0%,3.33
casse auto a proximité de moi,0,3,0%,3.67
cassse,0,3,0%,3.67
casse auto alentours,0,3,0%,4
casse auto faches thumesnil,0,3,0%,4
casse destruction voiture,0,3,0%,4
casse auto rachat voiture,0,3,0%,5
casse voitures,0,3,0%,5
cassr auto,0,3,0%,5
pas,0,3,0%,5
ferrailleur voiture,0,3,0%,6
récupérateur de voiture pour la casse,0,3,0%,6
épaviste bruges,0,3,0%,6.33
epavistes agréés,0,3,0%,7.33
casse agréée vhu,0,3,0%,8
rachat voiture casse,0,3,0%,9
casse pièces auto autour de moi,0,3,0%,9.33
enlèvement véhicule calais,0,3,0%,10.67
casse camion autour de moi,0,3,0%,16.67
casses automobile,0,3,0%,21.33
grande casse auto lille,0,3,0%,22
épaviste saint-martin-de-crau,0,3,0%,29.67
à la casse,0,3,0%,31.67
une casse auto,0,3,0%,35.67
epave voiture,0,3,0%,36
casse auto agréées,0,3,0%,38.33
centre démolition autos,0,3,0%,38.33
depollution vehicule hors d'usage tours,0,3,0%,41
centre vhu laruns,0,3,0%,43.33
enlèvement carcasse voiture,0,3,0%,47
benni casse auto,0,3,0%,48.67
centres agréés vhu,0,3,0%,49
casse auto benni,0,3,0%,49.33
centre vhu agréé 34,0,3,0%,49.33
épaviste claye-souilly,0,3,0%,51
épaviste royan,0,3,0%,51
épaviste collégien,0,3,0%,51.67
centre vhu toulouse,0,3,0%,52.33
vhu viriat,0,3,0%,56.33
casse wagner,0,3,0%,57
centre vhu 72,0,3,0%,58
normes environnementales recyclage automobile,0,3,0%,58.67
récupérateur automobile,0,3,0%,59.33
centre vhu reims,0,3,0%,60
vamplus casse auto,0,3,0%,60.33
casse rachat véhicule,0,3,0%,60.67
faire enlever sa voiture gratuitement,0,3,0%,60.67
destruction d'épave amiens,0,3,0%,61
épaviste montereau-fault-yonne,0,3,0%,61.67
impact automobile,0,3,0%,63.67
centre vhu 77,0,3,0%,64.33
vap casse,0,3,0%,64.33
casse auto livry-gargan,0,3,0%,65
epaviste reims,0,3,0%,65.33
voiture pour la casse,0,3,0%,66.33
enlevement voiture,0,3,0%,67.33
enlèvements électroménager vendée,0,3,0%,67.67
casse auto livry gargan,0,3,0%,68.33
destruction voiture hors usage,0,3,0%,69.33
centre agrée vhu,0,3,0%,71
dvpo casse auto,0,3,0%,71.33
épaviste vannes,0,3,0%,73
enlevement epave voiture gratuit,0,3,0%,75
prix enlevement voiture casse,0,3,0%,75
enlevement d'epave rapide,0,3,0%,76
epaviste senlis,0,3,0%,76
recuperation epave auto,0,3,0%,76.67
casse poids lourds pays de loire,0,3,0%,77.33
combien voiture casse,0,3,0%,78
casse récupére voiture,0,3,0%,78.33
enlevement d'épave rapide,0,3,0%,78.33
centre vhu périgueux,0,3,0%,79
centre vhu 78,0,3,0%,79.67
comment débarrasser vieille voiture,0,3,0%,79.67
emmener auto casse,0,3,0%,80
debarrasse voiture gratuitement,0,3,0%,82
destruction vehicule casse,0,3,0%,82.67
se débarrasser vieille voiture,0,3,0%,82.67
enlevement vehicule pour destruction,0,3,0%,83.33
impact écologique carrosserie automobile,0,3,0%,84
se debarasser voiture,0,3,0%,84.67
se débarrasser de son vehicule,0,3,0%,84.67
epaviste debarrasse vehicule,0,3,0%,85
destruction epave auto,0,3,0%,85.33
epaviste villefranche sur saone,0,3,0%,85.33
emmener a la casse,0,3,0%,86
envoyer ma voiture a la casse,0,3,0%,86.33
enlevement d épave gratuit,0,3,0%,86.67
enlèvement épave gratuit sans carte grise,0,3,0%,87.67
vehicules epaves,0,3,0%,88
enlevement epave a,0,3,0%,88.67
reprise véhicule casse,0,3,0%,89
faire enlever sa voiture pour la casse,0,3,0%,89.67
enlevement d'epaves,0,3,0%,90
voiture pour destruction casse,0,3,0%,90
comment débarrasser vehicule,0,3,0%,90.33
deposer voiture a la casse,0,3,0%,90.33
reprise voiture pour casse,0,3,0%,91.67
donner voiture casse,0,3,0%,92
envoyer voiture à la casse,0,3,0%,92
vhu signification,0,3,0%,92.67
comment se debarrasser d une voiture,0,3,0%,93
vehicule destruction,0,3,0%,93
deposer voiture casse,0,3,0%,93.33
voiture a la casse combien,0,3,0%,93.33
envoyer une voiture à la casse,0,3,0%,95
déposer sa voiture à la casse,0,3,0%,95.33
mettre vehicule casse,0,3,0%,95.33
casse auto occasion autour de moi,0,2,0%,1
casse auto ouvert actuellement autour de moi,0,2,0%,1
casse auto saint matin d'hères,0,2,0%,1
casse automobile ouvert aujourd'hui,0,2,0%,1
casse automobile proche de moi,0,2,0%,1
casse fourgon,0,2,0%,1
casse le plus proche,0,2,0%,1
czsse,0,2,0%,1
edf nord pas de calais,0,2,0%,1
ferro velho,0,2,0%,1
logo vhu,0,2,0%,1
vhu logo,0,2,0%,1
casse a proximite de moi,0,2,0%,1.5
casse auto aquitaine,0,2,0%,1.5
casse auto nouvelle formule,0,2,0%,1.5
casse automobile aux alentours,0,2,0%,1.5
casse automobile en gironde,0,2,0%,1.5
casse ouverte autour de moi,0,2,0%,1.5
epaviste compiegne,0,2,0%,1.5
casse auto de france,0,2,0%,2
casse auto voiture sans permis autour de moi,0,2,0%,2
casse automobile ouverte le dimanche,0,2,0%,2
casse autos,0,2,0%,2
casse véhicule utilitaire,0,2,0%,2